ID,Channel_name,Parse_Mode,Folder,Notify
1165905101,–ö—Ä–∏–ø—Ç–æ –†—ã–±–∞–∫ | Tradingüé£,True,RUPSIGNAL1,False
1231491534,–î—ç–≤–∏–¥ –ë—Ä–∞—É–Ω | Crypto Revolution,True,RUPSIGNAL1,False
1500911313,–ú–∞—Å—Ç–µ—Ä—Å—Ç–≤–æ —Ç—Ä–µ–π–¥–∏–Ω–≥–∞,True,RUSIGNAL1,False
1561913115,CryptoLab,True,RUPSIGNAL1,False
1562893808,Trade Community,True,RUSIGNAL1,False
1578597359,FOMA TRADE,True,RUPSIGNAL1,False
1591264082,CryptoGrad,True,RUSIGNAL1,False
1679277119,Crypto Angel - [VIP],True,RUPSIGNAL1,False
1732065792,Sakura | Japan Trade,True,RUPSIGNAL1,False
1772115937,Crypto Futures [Signal],True,RUPSIGNAL1,False
1832470426,CRYPTO HEADS | MAX ORLOV,True,RUSIGNAL1,False
1839754492,–î–Ω–µ–≤–Ω–∏–∫ —Ç—Ä–µ–π–¥–µ—Ä–∞ | –õ–∏—á–Ω—ã–π –±–ª–æ–≥,True,RUPSIGNAL1,False
1845975740,ZERO TEST,True,RUSIGNAL1,True
1858407380,PRO TRADING | SIGNALS,True,RUPSIGNAL1,False
1869173929,Trade Indicator üöÄ,True,RUPSIGNAL1,False
1879962710,–°–∞—à–∞ –ì—Ä—ç–π–≤ | –ö—Ä–∏–ø—Ç–æ,True,RUSIGNAL1,False
1889823464,THE BEST TRADERS,True,RUPSIGNAL1,False
1914126931,–Æ—Ä–∏–π –î–∞–≤–∏–¥–æ–≤|Trading –ö–∏—Çüê≥,True,RUSIGNAL1,False
1941685399,Osip Trade | Maxim Osipov,True,RUSIGNAL1,False
2014841058,–†—É—Å–ª–∞–Ω ‚Ä¢ Crypto & Trader,True,RUPSIGNAL1,False
